input_1,input_2,input_3,pred
57.99879,46.27261,99.97455,0
51.99879,90.99575,46.27261,1
98.87455,90.99261,86.27225,2
91.24879,20.34575,42.27261,3
51.99879,93.99575,46.27261,4
99.87455,85.27225,91.99261,2
90.80452,81.20225,97.97868,5
12.95115,39.18494,56.29837,2
70.43538,82.67947,89.79614,0
29.10074,44.28957,42.87990,1
18.60610,97.31384,34.88943,5
55.71900,87.61314,94.27761,0
22.67180,40.05046,52.60288,3
56.75452,31.36618,43.96685,2
38.25482,91.58401,18.22470,4
10.28795,83.03234,72.78623,1
13.07736,11.07964,91.65276,2
61.30756,99.02775,19.96616,4
91.32852,80.73717,69.74847,2
9.40209,22.88330,87.13139,3
85.60648,69.38397,47.44623,3
50.01174,66.08549,17.30246,2
95.20547,37.66471,64.99452,4
43.49769,86.15501,65.53940,5
95.57133,26.22704,92.72989,3
82.17642,12.64665,51.58783,1
28.07661,86.04593,74.00171,1
36.11220,91.92541,73.00571,2
51.60935,65.31057,14.24786,3
79.05662,57.06934,47.64749,3
68.22577,45.86406,18.26357,2
40.87230,50.88083,54.39804,5
41.73017,21.33068,54.02791,1
84.21785,67.96378,54.43528,1
72.24260,18.03904,88.15525,1
43.26869,34.46470,22.43472,5
72.60377,24.57215,23.50409,3
32.30616,68.21330,39.29837,0
27.76046,91.22048,9.05075,3
89.55990,80.35136,98.89117,3
52.53744,25.13571,77.04405,4
45.71959,88.29056,48.06619,3
80.96565,25.30959,79.37376,5
39.82707,19.24465,28.61167,4
77.22728,68.16788,43.51464,4
43.05530,99.76142,96.75390,4
65.50688,95.61128,48.91951,0
41.91920,87.55717,57.46537,0
37.14354,24.86794,14.58357,1
20.37659,92.72324,79.43234,1
24.34727,32.13593,30.38929,2
57.01616,56.09151,28.81780,2
30.48882,89.99006,13.60261,3
71.94159,50.90052,58.18213,4
59.02287,46.95173,53.73303,0
25.20554,63.89244,39.02228,2
74.94248,27.58773,22.21028,2
32.13533,17.54037,73.55681,5
61.88117,77.23276,86.26160,2
87.80162,17.73926,91.02470,5
25.85380,83.44012,37.65024,4
10.34227,84.18884,18.92129,5
91.74654,68.98855,45.39933,0
45.16987,58.61510,62.57749,1
43.27602,52.28322,31.54816,1
80.78565,34.67633,58.05823,2
60.70658,99.78322,81.12564,4
78.90732,82.04721,34.89220,3
11.14712,53.30235,63.56030,2
11.77795,41.57255,77.62687,4
62.29846,60.58008,51.37169,5
44.68478,49.37270,25.54180,5
91.11824,13.54692,23.94126,4
43.51380,65.32671,37.61446,4
92.74054,71.89871,71.80554,5
39.60630,63.82995,42.29978,5
38.61599,29.49099,97.39958,3
83.29303,34.98019,31.75471,3
19.43698,40.56199,61.04017,5
72.45261,63.34013,68.70006,5
96.75468,20.63205,68.90052,1
22.27118,80.02545,14.68322,5
55.77488,28.90626,87.10740,0
63.18145,27.01276,73.79650,1
80.88119,45.18288,30.95706,5
10.81809,72.08426,66.83363,5
67.60284,81.71509,89.75293,4
32.36919,70.40501,76.96481,3
70.45711,46.97400,75.78860,3
82.94759,16.97232,77.31693,0
14.30896,57.37659,22.97452,4
89.40861,89.62726,77.13127,1
38.06374,9.43186,17.37567,1
23.78709,14.47320,96.41648,3
51.23718,35.15777,99.01450,5
44.18868,15.94314,58.31788,4
33.14287,84.01659,53.80057,5
15.52455,41.70734,46.86406,5
68.86262,47.48969,88.85296,5
22.23174,39.72109,40.20598,3
33.82300,48.78714,35.19251,3
90.69016,69.37526,73.36876,3
66.21032,79.17442,34.57637,3
31.18748,36.29655,87.83655,4
12.44004,91.65672,31.37670,3
44.02752,67.75177,41.09011,1
57.95245,14.30937,32.70170,5
9.02823,29.45789,94.48707,5
62.38837,96.08201,80.98271,3
52.69575,83.73487,30.95752,2
55.57638,80.41915,60.59450,4
63.19603,16.35141,53.97490,0
97.32527,14.00339,78.44083,4
72.16010,17.28436,52.23006,1
27.41807,31.39675,76.16477,3
89.26917,57.05804,48.13439,2
75.48767,73.40379,83.35627,4
15.21376,32.34577,11.01967,3
91.64814,38.63503,61.51877,1
34.11800,25.27122,52.54678,5
48.79441,67.64781,96.41544,3
90.49394,35.98464,30.55253,1
86.38450,80.99164,35.59498,1
27.26559,52.01078,24.06607,5
93.17657,78.73876,20.90377,2
79.55066,42.43022,42.43067,5
12.43933,71.83317,68.71186,4
57.42182,9.71049,42.18976,3
87.96663,73.49315,98.64331,5
73.04265,39.73500,76.33215,1
35.89638,39.63082,54.75004,2
37.62964,52.71524,69.35027,3
61.42786,40.59132,56.48319,3
18.74221,27.46591,10.07306,0
58.56963,78.00859,10.20261,4
73.67777,63.90886,14.80821,3
79.85342,83.03053,42.33964,0
83.34645,88.96800,35.20006,4
76.63803,71.97673,44.16978,1
55.58222,38.79404,41.93181,1
62.88517,38.09705,93.65116,5
60.84920,53.45744,36.93545,1
93.68819,87.94267,48.04894,4
76.34294,43.71463,9.76651,2
27.79582,57.07730,95.73908,4
25.01028,90.18589,69.09277,2
61.12923,70.20954,85.77743,2
9.39964,77.45850,24.25545,0
40.33941,25.65524,19.05881,4
60.25248,13.79534,42.68394,0
85.75219,76.26627,64.84161,2
36.50196,37.49047,90.82491,2
12.10407,80.54271,45.02015,4
52.74996,79.56619,26.02425,5
81.67589,21.24287,9.71568,4
45.96031,51.96049,50.52081,2
23.00667,69.01790,76.34916,3
28.75479,66.79359,25.19188,4
24.87233,71.29798,47.31267,2
32.59450,15.46949,14.10535,5
25.78291,93.55330,10.69205,2
58.89016,18.46754,37.80952,4
47.40880,56.75516,69.35413,2
59.12980,33.04124,95.16035,0
49.15990,83.13562,9.20902,4
11.34916,57.35030,9.14070,4
47.70923,91.20715,53.00249,0
82.01131,81.48760,66.46595,5
57.11246,99.18881,23.65603,4
71.42440,26.15602,57.31610,2
59.21757,13.53108,64.79372,4
28.13596,55.49204,97.25833,5
20.70373,50.46887,61.60073,4
79.82676,31.41184,34.69552,5
61.57253,72.28685,90.21525,3
23.25831,65.74783,33.66180,2
11.50715,84.68946,95.22819,0
76.06070,68.25546,37.83487,0
74.01117,82.60796,87.58834,3
94.93713,63.69817,88.04397,0
60.60224,64.62370,81.05167,5
99.27640,16.92827,77.59383,1
95.81366,19.16630,24.82982,2
91.77765,97.92505,79.87437,2
55.02594,10.89641,32.48712,2
12.58729,16.17947,23.64564,1
10.94576,25.11387,10.74781,2
23.47205,70.50588,30.66488,4
32.86467,49.70332,56.17956,0
77.19002,75.68524,68.85595,5
43.32282,78.69654,95.01028,2
13.58161,76.98795,44.88046,5
77.37929,16.46302,41.33511,0
94.49716,69.39305,38.47523,3
27.24485,33.51512,88.24665,1
56.81079,74.28748,81.30598,0
54.35435,33.40314,69.39023,4
99.42670,89.77551,66.73584,5
56.17658,84.09827,76.48271,3
45.56348,39.87653,55.08942,0
50.56049,98.44306,37.55328,2
34.84126,51.89495,85.09698,4
16.15053,57.25322,46.85025,4
55.73367,27.30374,51.81316,0
64.30697,44.55055,80.19746,1
81.22364,24.97943,47.02702,2
74.98670,19.28744,12.93883,3
36.76117,22.28042,87.84707,4
87.30496,69.33077,34.35563,2
67.32606,22.52839,13.47130,0
54.67445,58.47370,15.04523,4
97.61438,94.49930,12.64529,2
19.32616,63.55822,55.79910,2
78.12224,49.64755,34.15551,0
49.47998,21.20187,17.80167,4
91.29313,42.99552,85.85976,5
26.02226,94.72443,42.10918,0
89.99568,84.13376,95.32762,5
33.96778,64.46862,40.80693,1
64.81450,97.79748,54.53498,0
49.60464,22.11946,78.48768,4
46.59989,67.74678,44.15111,4
47.94049,69.25533,21.91553,1
95.49968,44.04192,85.22886,0
42.37408,97.22866,96.64377,3
76.26865,42.76417,96.28282,1
77.86416,28.91493,99.38946,5
51.29088,35.28666,10.41696,4
31.86660,72.46495,16.89785,2
80.09176,52.03885,20.55454,2
83.23326,86.58794,99.72989,5
53.33532,49.03007,12.29315,4
36.97365,11.11759,53.86253,4
70.22278,84.69906,22.66667,4
51.87476,48.55126,86.06122,3
73.54947,17.93249,25.04596,3
30.29187,27.97140,77.26525,4
11.11974,57.84418,88.24749,4
74.50763,97.64782,56.58226,0
47.32626,11.53563,86.54952,4
37.08347,62.69098,67.41428,4
80.00886,9.08331,20.75351,4
94.33578,15.93097,9.89291,4
35.64552,41.44855,66.86260,5
10.50291,61.25556,21.72717,3
95.97371,32.25760,51.72052,4
84.24973,33.06877,22.06745,0
74.15311,84.67546,27.27467,2
25.32544,87.67533,42.62578,3
78.59391,91.01810,50.03339,2
28.76547,78.16035,54.05753,2
74.88559,28.48657,78.77150,5
95.25450,76.10064,19.23674,0
95.90715,12.02119,46.26354,0
77.63688,59.34000,11.34190,2
69.50122,54.45565,29.59691,0
20.92912,87.29051,46.37301,5
51.18628,94.55458,19.89688,3
21.89070,50.15190,65.83749,0
49.55808,75.56417,31.48334,2
33.75018,86.16973,38.34242,1
63.88503,72.49553,67.43911,2
59.40459,27.61091,30.94078,2
42.85628,88.42005,29.95584,1
39.98969,30.00251,48.78841,1
28.08095,19.24795,34.69430,5
32.20905,65.89146,81.81959,4
98.44985,22.95286,96.45874,2
35.15562,22.27301,38.29077,4
69.51000,69.30298,87.38833,3
35.06935,36.20110,84.78499,3
78.80770,51.89536,42.69030,1
85.82308,51.00703,46.85340,1
23.48640,87.94124,70.81695,4
27.67187,40.50299,35.10052,5
44.14446,90.10288,57.02626,3
97.27385,20.92697,32.25794,4
32.16675,59.40396,72.74222,3
42.64061,91.92949,51.34796,1
37.22935,39.50404,75.01896,0
80.18238,39.33064,52.25121,3
70.31908,68.88702,51.02841,0
36.30148,9.42979,54.73833,5
89.86721,8.81352,94.40172,4
92.93330,92.53917,86.69475,1
41.18248,60.78996,72.47800,2
46.53693,93.92012,74.80960,2
89.83358,93.77185,92.75978,5
7.66647,84.84479,17.60317,3
8.24789,37.78546,22.25611,1
76.09109,44.97983,99.40362,4
28.04329,62.95055,91.08597,5
42.00618,45.06652,18.98902,1
38.94650,18.16765,88.29129,2
45.73210,13.40142,24.70639,1
14.01977,85.94511,30.74063,5
85.58990,59.65858,24.46878,3
22.61994,71.11397,99.52737,0
74.68876,9.62050,91.02509,1
55.88770,60.30029,69.50212,1
27.65443,69.73920,40.36948,1
31.66018,39.36701,86.02159,0
82.28430,40.64893,90.14308,3
69.55646,13.63114,53.82222,0
95.31595,80.09172,14.95800,1
44.86774,12.04723,77.96434,4
51.77435,82.56387,58.16474,5
67.96931,27.63938,52.69159,5
21.26876,94.53082,15.17979,4
64.37995,35.01019,69.50781,3
58.56056,44.03230,18.37480,1
49.68250,54.68896,64.73461,0
12.41216,49.62301,65.69590,4
94.78148,10.44654,12.43319,2
93.51227,12.77683,8.87617,0
47.09925,83.82864,83.45970,3
56.77798,50.67635,56.14026,3
9.36203,38.08946,39.08345,5
34.48211,94.04979,87.95016,4
33.44392,8.09588,46.81999,1
84.01500,56.97480,38.55805,3
50.04397,77.27221,73.17964,3
44.63713,82.72599,14.44576,3
21.71645,48.53733,44.25648,4
65.55592,45.19867,17.90751,2
72.71422,86.14578,26.85474,0
46.87230,87.53705,68.89263,3
60.58661,98.18634,88.10554,5
8.43504,88.76343,32.97315,4
35.27362,96.10377,33.82579,1
32.60503,16.60581,96.01568,5
52.23678,31.04394,95.46053,4
10.21937,37.37556,63.32756,5
57.02653,21.62730,18.94440,3
33.82220,24.67925,55.70632,3
98.60736,95.01733,58.42085,0
70.30078,88.98866,47.08736,0
9.49254,93.06765,13.26970,2
7.83035,83.88080,67.10282,2
17.30650,67.47844,64.90350,3
77.12444,63.43800,63.42978,1
6.95364,45.10225,10.02484,3
96.46020,43.35746,30.45168,4
34.80741,25.48500,68.99316,3
22.14522,12.11150,33.13698,3
91.10350,15.49808,57.66948,5
64.18656,61.34105,35.74802,4
84.45006,63.55605,95.31508,4
11.94185,9.33532,40.18587,5
25.49640,40.80557,27.78626,4
61.81662,37.85232,51.06435,5
41.21824,86.87872,90.78914,5
98.03481,89.47956,79.37933,3
72.90973,33.67384,51.71162,2
93.73794,57.35152,22.15159,5
47.73553,40.55933,62.45090,1
66.38412,51.35292,47.22115,1
8.64769,26.51469,95.45481,2
66.84870,30.14018,60.34081,4
56.22461,84.25735,55.73617,1
76.79021,95.14729,93.12480,5
35.81453,73.84451,29.07611,2
35.21946,89.29832,35.07709,1
90.16571,97.82336,33.32699,5
41.72009,92.98913,99.04134,0
29.48104,77.09703,21.58034,1
22.56441,36.37771,78.58667,3
57.08465,86.96882,61.81347,2
42.72889,32.96652,74.36084,2
72.17774,63.98741,53.57903,3
65.00957,98.43664,32.99416,1
37.51408,94.98436,89.41691,0
54.26565,55.02387,6.84464,5
55.23312,59.66415,31.92975,4
60.71610,52.26862,96.78607,3
81.84403,22.38237,35.71201,4
53.36560,96.14082,51.27860,2
37.09962,67.85074,45.64837,4
71.94733,69.63169,28.88575,1
55.54642,56.63098,61.56759,2
66.31570,53.66442,95.71150,0
14.58042,28.19187,25.25192,4
49.28486,16.19309,55.12022,4
77.81482,19.86817,92.97618,3
45.98090,13.94809,22.19633,0
64.07289,98.85460,57.30327,0
42.69691,18.97019,81.46169,5
38.99135,46.96978,15.96264,4
43.41480,59.16285,40.48116,2
55.60742,75.71348,38.93932,0
30.58990,21.38289,18.43689,0
17.00118,8.22872,9.68225,2
52.90773,74.75810,30.51856,2
41.36014,38.66372,52.82617,3
31.98967,56.45056,23.61970,0
46.91664,88.65071,34.90970,4
39.78843,66.21368,52.00714,0
94.97119,97.16035,20.07409,0
12.68034,75.87108,47.86325,4
16.77408,42.00811,97.61427,3
45.39709,19.03523,81.08937,1
20.48711,78.46663,77.08573,4
26.43039,32.18241,50.59895,4
72.42330,21.41671,12.89133,0
29.46514,86.89088,48.15953,1
97.19438,48.85302,70.77539,0
71.53704,22.83923,87.31339,3
50.31767,62.61461,86.76483,0
9.36151,18.01073,46.78294,4
23.12017,80.54960,95.20042,1
35.54010,51.32581,34.85153,1
46.58677,57.95865,36.88299,2
40.29061,16.02010,26.94837,5
27.51777,62.50069,93.05831,4
70.04601,56.09051,57.33324,4
17.69473,19.53925,80.94394,1
22.10252,97.12573,60.50099,3
15.60248,89.09213,44.93574,3
76.10099,47.26494,41.52909,3
48.34881,60.32367,69.10868,5
15.81389,61.60550,48.71124,4
12.12730,60.88678,32.85898,0
68.99999,86.86027,93.25889,2
51.60571,61.80829,28.17391,0
9.27569,51.00275,60.44778,0
57.01992,14.63566,71.03047,5
24.52539,37.52968,35.02111,2
28.64837,71.86423,58.95769,0
98.92700,44.80510,9.90436,5
46.29136,14.02800,61.38571,3
37.31603,60.67825,46.02732,0
32.69888,88.53845,78.18350,4
14.73113,85.68811,30.57199,3
24.50022,83.93658,32.60173,2
25.11085,11.78625,72.91442,5
84.72823,53.72730,37.34769,0
50.96423,82.56769,73.71329,1
75.87945,50.06850,81.66508,5
83.46172,43.29206,82.07484,1
62.25602,83.44349,36.25561,2
22.05874,12.48663,39.81505,0
50.94541,15.25636,10.24265,1
66.99290,27.99822,99.72504,2
32.66497,90.16203,76.56549,5
59.65486,49.88112,11.56646,1
81.12398,30.86132,90.93193,1
25.33707,61.44149,65.88923,5
82.86813,73.50689,24.79389,2
11.78623,22.64269,57.96266,1
21.74368,51.44077,70.55227,4
73.72532,6.97965,28.25156,0
88.48666,81.73067,33.49397,5
50.57439,35.27737,28.56220,2
66.98912,36.24537,63.41808,0
31.86462,89.59641,94.07364,3
28.35413,40.99543,78.30253,2
76.63917,24.37667,21.25955,3
9.02515,96.31615,80.47311,1
75.82496,69.08100,32.30949,4
97.79239,49.98686,43.57434,0
24.68717,59.25605,90.19864,1
80.11641,19.35315,61.96512,2
17.71681,58.82669,87.28019,4
55.59050,7.07399,42.16742,0
51.77926,93.92492,51.88324,3
29.01817,24.23356,42.08219,5
92.36237,56.78381,60.29254,5
10.37768,8.71535,51.20155,5
18.76753,20.71950,30.94741,2
36.38778,15.76943,20.27557,3
33.89404,39.21738,76.14437,0
32.18392,12.52383,90.84805,4
44.67406,21.61322,61.23307,3
7.64181,72.99953,96.12042,5
56.27429,63.54567,41.72743,2
96.71429,39.58125,66.27942,5
35.38548,24.61111,79.98839,3
76.29023,58.08793,42.06797,1
79.22560,68.19382,51.07848,3
35.96684,35.22452,34.47927,2
65.59639,57.54388,14.02359,1
21.25012,36.34192,70.73078,3
48.63814,14.18561,61.72805,1
62.18748,80.62568,92.02175,3
95.71477,89.24625,57.39666,4
7.87085,24.42733,45.90970,0
83.11979,75.14161,84.77888,0
53.10439,9.97101,79.87150,0
44.38063,11.98091,8.55963,4
18.86184,18.11082,65.46521,2
50.69313,45.39523,86.95168,3
71.92397,34.24985,12.30219,3
78.42312,74.59102,18.33419,0
70.83287,42.68185,51.09212,3
29.17340,54.79045,25.30371,3
11.43101,38.31186,58.18031,1
57.12994,75.00316,92.86239,5
45.03958,8.10891,52.63241,1
37.03277,59.29714,13.53538,2
97.99011,32.42575,71.06188,2
31.63584,51.13481,56.25992,0
34.84629,55.99286,77.09848,3
16.24775,73.00643,14.34660,4
14.22458,60.58582,82.65396,2
59.98968,61.94713,85.91722,4
23.76014,8.08381,55.41476,1
48.94031,78.14258,21.62744,1
75.34748,38.81422,31.92785,1
49.56935,40.48341,51.34373,5
70.37910,41.55624,25.40029,0
53.40540,71.11597,84.07213,4
25.59665,71.77679,90.77011,3
91.66227,39.72663,33.36187,2
58.99783,9.38713,84.03135,1
74.56817,33.76091,81.45453,1
59.26275,99.44108,16.78942,2
16.14923,92.53987,66.63198,4
89.58573,29.54809,24.51725,0
64.64208,16.76981,27.47081,4
85.71019,43.30131,73.62154,3
17.64912,24.48507,99.60960,4
23.93081,27.97460,36.45904,4
43.46785,86.37803,60.80167,5
81.58626,62.71753,74.34798,3
79.18919,11.76019,24.92577,3
85.14003,48.70339,78.62439,2
85.59811,15.66618,89.50732,5
72.33300,75.59434,24.90650,2
72.11597,64.25525,31.70418,2
7.98479,68.76072,98.73308,4
91.71698,50.72220,83.74320,3
45.50482,52.86499,73.65205,3
48.01474,81.83736,10.26679,1
89.35390,67.22225,54.02666,2
77.51828,28.33197,24.01378,3
51.92186,93.35010,61.29753,5
78.65724,81.39279,93.30033,2
22.27603,75.86077,19.38284,2
41.14592,64.98563,14.00763,0
28.47269,30.30272,19.48603,2
9.37682,9.05276,69.28602,3
94.98039,8.84019,81.43747,2
67.66167,14.54834,33.82693,4
90.69239,30.25256,48.40169,1
65.82165,55.39491,16.36894,5
49.14341,90.90942,76.59461,3
91.95358,39.56076,97.31612,2
23.85819,25.49022,38.67925,4
35.06436,9.26036,73.08881,2
89.22856,21.86315,46.19112,2
80.82592,36.95031,69.59555,5
22.53176,6.95855,89.40797,1
12.97786,69.09665,57.78416,4
65.41102,57.39702,41.29243,5
57.61568,83.52139,50.53210,3
23.97698,84.34901,43.98125,5
16.62627,56.24309,71.59181,0
37.52835,51.89994,53.88734,3
35.79323,33.73364,16.09399,3
37.63433,89.58328,15.49528,3
37.01279,78.82424,97.87713,5
23.19399,94.28677,42.05279,5
27.39132,48.53945,97.24407,0
86.42108,28.26565,36.44657,1
42.40088,41.95299,89.34237,0
63.36778,61.73183,75.19075,1
62.35092,13.70486,57.71849,1
69.82160,47.73578,95.63651,2
27.63642,24.16332,61.14694,4
9.48396,38.39476,59.45553,1
58.15255,76.73831,92.57981,5
20.58479,76.68706,84.39443,4
10.39848,92.16130,29.96112,3
19.17164,42.01041,73.38233,1
96.43266,10.07987,57.23116,1
96.31819,43.00799,8.00001,0
88.68102,25.53539,44.43448,4
21.16976,78.17027,67.15199,1
8.63139,78.19839,78.61313,1
51.49276,11.65389,48.03245,5
55.72907,80.21398,9.19946,2
68.03855,50.46250,10.88058,2
57.09884,77.54130,38.75487,2
21.33874,39.77591,57.53859,2
61.90586,24.81478,8.44242,4
15.23597,82.20720,10.46304,1
61.19837,98.01009,90.45223,0
18.25580,43.22228,51.56572,0
61.08881,13.28236,91.84803,5
44.79027,8.36634,50.29635,0
86.48280,71.49827,37.13793,5
89.34667,93.83902,87.24955,5
52.53721,64.20727,92.39740,5
20.16930,37.09540,45.82297,3
88.07655,82.34760,66.83123,3
89.69180,83.42614,44.75449,1
55.45917,94.79783,97.22438,2
93.41459,44.84518,53.33379,0
96.99707,84.88313,16.23669,0
66.56440,20.03152,84.96232,3
19.14027,97.65460,25.21928,3
73.81796,84.16382,38.43733,5
50.19767,90.42236,71.74471,1
73.28604,29.56496,76.53496,3
31.66514,71.41208,60.60802,0
26.17513,79.39521,75.76806,2
55.31686,17.94671,39.50088,2
55.10274,94.75253,34.53649,3
98.51397,26.82609,78.06784,5
75.77516,54.43381,84.74208,0
65.64320,57.76807,96.15746,1
46.75447,87.67665,48.43262,4
52.87436,58.13016,47.44716,0
93.18475,87.78428,88.26516,3
79.18850,47.35728,53.12838,0
62.95931,71.27268,94.67242,0
36.28222,48.25149,40.71189,0
33.16424,77.98817,93.51690,4
71.88727,92.83384,28.57519,1
32.92366,43.70465,62.40715,3
15.66694,97.04678,78.56561,2
53.27437,80.42250,22.49603,2
57.06149,54.47540,62.63848,3
25.53826,56.34612,64.53363,5
96.88710,24.39519,50.33474,1
49.03132,32.99449,42.64826,1
85.94078,64.90387,64.81401,1
90.94589,30.18395,29.39562,2
60.88610,95.65918,64.10174,4
85.70111,57.72954,24.95341,1
15.74740,66.28616,30.85943,3
78.40067,50.82519,28.74038,0
30.95074,72.97284,75.50803,2
70.09206,42.54995,30.18060,5
77.00590,91.76681,34.85047,5
29.75125,48.46185,24.29902,4
53.48315,43.77057,38.60573,1
62.21390,21.79511,68.69051,5
17.90106,35.48194,41.36022,3
61.27637,56.00358,37.30074,3
87.66869,27.35603,91.45051,4
95.96776,61.93159,32.31716,0
23.94917,35.65255,29.68947,2
96.16178,99.81775,99.48511,1
31.03469,69.50270,35.23664,4
59.74372,56.06213,56.24642,5
92.78736,34.64690,55.89740,1
23.93281,77.88518,50.79349,1
93.47652,98.56113,50.98851,0
91.45227,89.18912,48.92840,1
87.53445,66.26769,70.45062,5
91.89494,99.86120,65.82197,1
72.82185,68.84145,24.96108,3
15.48844,84.73111,79.40993,2
61.47144,40.50666,45.14894,3
41.43901,20.57370,92.60542,2
40.01854,34.98939,80.15981,2
17.59061,85.50701,59.50659,0
68.26116,41.61517,79.44220,5
60.72371,96.78823,76.46088,5
45.84242,85.36381,59.60215,5
90.05810,54.37645,40.68003,5
16.99896,59.63063,66.47739,0
16.44052,67.62157,56.78743,2
58.20325,26.35812,55.95115,3
21.62810,50.39212,81.02211,3
33.88603,69.79403,82.50791,0
37.00267,34.97937,82.75440,4
32.64502,16.83323,51.32662,2
44.79950,15.91505,43.20443,5
78.43021,34.53468,30.96662,0
92.11483,84.60575,43.93661,3
79.88654,38.04982,18.21756,5
23.95608,80.62853,19.34814,2
66.26287,75.42930,66.40607,3
82.01106,37.19971,70.23043,2
82.20457,30.24595,90.12224,1
38.76682,93.60299,83.55600,5
98.39932,78.69900,98.12958,5
18.16927,17.00251,50.95715,0
48.23314,34.82988,87.24337,3
33.55154,65.53464,43.84910,5
19.48971,79.17897,50.77367,5
30.38777,28.30950,76.97200,0
86.98112,54.18355,48.60300,1
23.46640,96.30466,41.45421,2
20.46860,76.59054,73.63910,3
34.30267,29.46148,66.13415,0
97.12731,70.07127,76.20257,2
57.93874,52.05678,52.50258,3
72.02151,29.38571,58.86805,2
64.12702,21.57437,95.13757,1
99.90872,97.26283,41.94291,4
83.55416,21.70830,79.47662,2
15.59540,78.87277,56.03336,4
16.50670,79.18793,69.44228,2
60.59213,21.62456,54.46747,5
93.19195,69.22610,79.82281,0
34.94187,38.86136,89.50552,4
64.16142,71.90658,44.55833,5
64.22108,28.55326,29.82990,5
59.25932,34.19718,54.46219,1
94.38181,91.41599,17.71857,3
75.16693,28.49230,75.89324,2
52.27927,20.38598,31.35414,2
81.99399,92.76442,94.69247,4
39.94715,31.36601,15.96740,1
54.28141,74.41693,58.38545,4
43.12885,91.81299,28.86804,0
57.90819,34.87751,66.80050,4
47.19810,48.76517,73.42863,3
15.47789,58.21751,18.12397,3
79.11724,62.13704,39.29324,4
26.65967,32.34328,34.99591,3
92.79749,25.07065,62.18370,4
80.77413,16.69358,61.43509,3
42.71288,76.94785,86.72980,0
99.41289,41.20915,42.09975,5
38.01477,50.64526,65.45392,1
35.73664,82.92509,33.89661,0
21.83245,83.87697,70.41758,2
48.22675,26.75214,25.82080,4
27.97622,81.55152,97.32597,4
59.90951,52.84408,86.83968,5
80.29345,45.04164,35.05712,5
93.34083,22.75964,40.29772,4
77.91994,84.14444,49.56126,3
28.44355,58.44428,47.94378,5
23.72633,39.28807,75.74989,0
67.76575,95.92459,16.60455,1
31.78491,42.99660,38.41718,2
72.06704,76.11234,46.39577,0
15.42914,78.61324,84.78310,5
48.34960,94.92828,45.34354,1
27.83148,74.92177,33.43770,2
29.47713,30.91372,24.80028,5
87.73164,49.02448,36.66712,0
62.31094,67.18109,30.38478,5
65.26461,25.42082,67.61320,0
65.20954,49.55642,19.19762,1
19.84150,42.71001,42.92288,4
62.47531,80.26766,92.32122,3
65.02875,33.20682,74.28742,1
86.16613,74.04051,33.19575,1
52.52574,88.24281,75.42768,2
77.88744,31.83383,79.74146,4
68.20584,55.37345,96.84848,1
75.12197,47.45397,22.49957,4
47.03973,73.77047,54.20459,4
83.42188,41.01307,68.38617,5
63.79118,25.86183,82.76849,3
30.56243,72.93588,87.20675,3
52.85878,50.42280,63.89881,2
89.51361,82.38811,38.27454,2
41.24633,46.98330,95.02185,5
73.90646,21.00891,48.68225,2
88.78059,19.14988,28.93542,4
25.24028,73.63638,25.28600,0
69.36118,20.98342,73.49723,3
24.59609,83.25603,97.55463,2
95.04750,95.12202,88.16063,0
53.38351,44.24975,75.04464,0
24.82160,96.52378,80.01587,4
77.05126,37.82441,37.83599,3
49.66967,34.39416,88.74987,5
69.80425,36.22277,41.77648,1
55.97204,45.33508,92.32594,4
33.16837,49.84529,36.32439,2
68.33136,24.47292,50.63657,0
90.35163,66.99020,54.38103,0
17.79937,89.11681,15.92648,2
22.05697,72.25016,34.60143,0
25.94563,40.68777,54.17146,5
41.44198,94.88750,42.14505,4
98.68363,72.73553,31.47511,0
95.20476,44.10449,70.97928,3
41.82739,94.00889,22.18644,5
76.76177,27.06914,39.89154,3
62.79197,98.87550,40.43363,1
80.54097,28.88716,85.77267,2
40.40324,39.44767,81.04365,0
17.41068,69.41874,21.06419,2
47.43907,36.50798,48.21767,2
85.17122,80.05340,73.42266,3
77.20810,32.51683,71.12516,0
62.90014,36.71266,42.72760,5
34.26811,99.11538,31.05228,2
25.85540,44.33213,74.92661,0
98.29930,87.10937,86.49368,3
41.62637,26.37359,93.89934,2
52.80244,49.84186,41.14545,1
89.51747,44.35228,69.97999,2
30.18364,22.11768,46.17273,1
87.12183,47.70061,52.79137,4
71.17443,17.12392,77.16842,5
85.68051,50.82972,80.83886,5
77.53623,47.56178,67.29520,5
95.20249,23.63937,70.79533,2
58.06247,54.10491,27.78758,1
25.07723,42.17098,68.45529,0
56.84162,59.62853,56.03358,0
34.36636,70.27409,34.02339,0
97.67713,90.85816,81.46935,3
72.84633,15.72684,19.45200,2
77.85651,28.30413,55.85571,2
95.99719,91.98378,83.82355,5
49.82624,52.18848,49.12942,2
39.36087,48.34260,84.30815,5
62.43792,50.11307,74.60937,0
23.04373,63.34517,87.78622,5
34.33619,56.11989,27.22605,0
89.46374,71.94706,82.62427,4
69.71470,49.77330,88.44326,1
85.68799,46.41807,85.51694,0
59.42364,74.98903,57.44143,3
46.88199,39.49368,25.12535,1
84.41611,99.96178,32.31985,3
80.41811,77.81729,45.39442,5
48.27772,64.41481,32.27165,2
75.32843,39.04011,60.34913,4
95.18353,71.08861,16.17289,5
82.24784,88.51036,17.62942,4
20.50699,44.88445,62.81796,0
17.29602,52.37241,29.18776,2
19.22928,64.47468,24.99427,3
66.71760,35.52901,74.09489,0
96.38509,32.26759,51.45882,2
66.67355,83.16310,75.65178,0
75.78379,31.80502,34.06413,0
82.90848,43.95359,18.31584,4
34.11137,90.85026,96.18017,1
61.33454,34.74864,49.31275,0
64.41228,82.86813,35.72914,4
25.20940,19.32133,68.76857,1
31.00490,99.14885,34.61219,3
96.45024,75.86719,45.13921,3
92.16172,97.09621,89.19000,0
59.65577,25.48550,49.47389,3
65.35362,18.15230,88.55611,2
38.65301,78.91894,41.23584,1
18.23263,23.22688,91.51625,5
86.31919,89.15682,32.96631,3
59.09504,68.39076,31.27693,0
33.39108,51.86306,92.62180,3
40.12808,24.21422,45.24603,1
35.05806,65.65572,69.16199,1
89.27605,35.56224,80.90640,1
58.97798,66.46538,91.21069,1
55.97077,29.04666,31.57013,3
15.00829,15.67017,21.13477,3
70.18479,95.46726,54.25877,4
16.76765,57.71408,75.00715,0
95.82338,79.55820,85.58002,1
16.66863,30.16375,83.32336,1
55.11417,84.00003,48.42219,4
88.75008,46.41641,35.93596,4
51.11755,82.56425,65.84945,1
60.51586,70.16608,96.91669,1
54.70457,85.47965,30.22673,1
96.99233,73.27368,68.62542,0
95.55531,23.85853,47.64848,5
64.53459,66.80507,83.39980,2
49.27036,75.46401,27.85786,3
99.97244,69.22814,83.69863,3
70.60830,62.02997,41.22935,5
91.62947,89.22189,81.30433,5
54.67699,16.11601,49.88521,5
43.02436,27.22155,34.32273,3
43.74651,59.05324,68.27680,5
55.18928,79.07873,58.12282,1
29.39132,32.09091,43.80851,2
88.92887,91.10713,73.54919,4
48.99666,56.81050,84.71888,4
51.66721,84.76114,26.88944,3
51.11816,88.14283,74.81449,0
26.75460,37.67356,35.32645,0
82.30503,35.18480,84.90357,5
19.63575,53.53856,24.06945,5
33.94931,58.61467,55.03527,1
32.61021,82.49524,59.23966,3
78.01755,66.43038,77.91732,5
24.18660,14.85103,83.43210,1
95.13244,77.64937,98.76909,2
89.91688,50.35714,41.41563,2
93.67658,69.83124,49.56960,5
81.70239,28.06580,65.83232,1
86.43487,32.18098,56.07968,1
93.00569,23.52256,15.92080,1
87.66185,26.67622,90.61665,1
41.23647,83.33047,99.90064,0
54.05248,25.81507,84.88043,5
59.47431,16.39806,30.19421,5
85.55241,52.22637,36.39285,1
74.17580,41.45511,88.93346,5
80.50960,68.00089,27.83270,0
80.62092,76.76141,41.38802,1
73.48027,64.80637,83.24537,5
57.92730,45.89782,58.12535,0
91.04930,53.54623,92.78027,5
44.94379,59.53614,34.36337,2
92.51419,87.12131,38.36323,3
83.78130,44.90530,69.35614,4
17.76483,41.17916,34.65390,5
21.70814,22.38906,49.86322,0
86.06057,21.42837,76.41247,2
50.79675,33.94411,48.58207,4
15.30703,20.83733,46.64539,3
67.36527,92.68889,78.19809,5
40.99363,63.84287,60.76303,5
73.37901,16.89776,94.19550,5
23.62263,78.68929,47.19877,3
31.57830,61.79383,89.29752,2
54.95790,32.75077,84.73419,2
48.03614,48.10844,68.06935,4
63.06734,90.95387,38.84634,4
53.34104,30.64369,57.45656,0
44.21975,48.95994,48.76880,5
71.20490,54.12607,31.37634,0
93.46070,73.96700,63.80475,2
33.57035,94.49728,57.33288,4
79.67957,44.18122,59.20052,0
57.37657,85.19435,72.09052,0
96.53788,54.73844,17.69907,3
44.53781,88.37842,66.92945,1
69.38968,22.95433,59.82559,1
67.09695,54.56414,53.96752,2
32.12081,80.49886,30.47048,5
